IP地址,数据中心,alpha-2,地区,城市,延迟(毫秒),HTTP状态码
203.29.54.45,SJC,US,North America,San Jose,323,403
www.digitalocean.com,SJC,US,North America,San Jose,332,200
www.visa.com.tw,SJC,US,North America,San Jose,335,200
www.visakorea.com,SJC,US,North America,San Jose,336,200
whatismyipaddress.com,SJC,US,North America,San Jose,338,200
203.22.223.137,SJC,US,North America,San Jose,338,403
203.29.54.43,SJC,US,North America,San Jose,338,403
www.who.int,SJC,US,North America,San Jose,339,200
203.17.126.207,SJC,US,North America,San Jose,345,403
edtunnel-dgp.pages.dev,SJC,US,North America,San Jose,348,200
104.17.17.252,SJC,US,North America,San Jose,349,200
fbi.gov,SJC,US,North America,San Jose,352,200
203.29.54.46,SJC,US,North America,San Jose,355,403
www.udacity.com,SJC,US,North America,San Jose,356,200
www.visa.com,SJC,US,North America,San Jose,363,200
www.gov.se,HKG,HK,Asia Pacific,Hong Kong,367,200
www.visa.com.sg,HKG,HK,Asia Pacific,Hong Kong,379,200
203.29.54.47,SJC,US,North America,San Jose,380,403
download.yunzhongzhuan.com,SJC,US,North America,San Jose,383,200
www.csgo.com,SJC,US,North America,San Jose,388,200
club-frank1.club,SJC,US,North America,San Jose,397,200
www.visa.com.hk,SJC,US,North America,San Jose,405,200
104.21.57.178,LHR,GB,Europe,London,412,200
104.21.66.62,LHR,GB,Europe,London,415,200
104.21.70.40,LHR,GB,Europe,London,415,200
104.21.93.69,LHR,GB,Europe,London,416,200
104.21.96.169,LHR,GB,Europe,London,418,200
104.21.91.96,LHR,GB,Europe,London,419,200
104.21.58.94,LHR,GB,Europe,London,419,200
104.21.69.64,LHR,GB,Europe,London,420,200
104.21.82.145,LHR,GB,Europe,London,423,200
104.21.95.1,LHR,GB,Europe,London,423,200
104.21.75.102,LHR,GB,Europe,London,423,200
104.21.86.129,LHR,GB,Europe,London,423,200
104.21.87.62,LHR,GB,Europe,London,425,200
gur.gov.ua,HKG,HK,Asia Pacific,Hong Kong,427,200
www.udemy.com,SJC,US,North America,San Jose,427,200
104.21.97.233,LHR,GB,Europe,London,428,200
104.21.78.96,LHR,GB,Europe,London,429,200
203.13.32.62,SJC,US,North America,San Jose,431,403
104.21.51.102,LHR,GB,Europe,London,432,200
104.21.98.100,LHR,GB,Europe,London,437,200
104.21.76.227,LHR,GB,Europe,London,438,200
104.21.81.120,LHR,GB,Europe,London,438,200
104.21.85.84,LHR,GB,Europe,London,440,200
104.21.55.175,LHR,GB,Europe,London,443,200
104.21.84.174,LHR,GB,Europe,London,444,200
104.21.73.135,LHR,GB,Europe,London,447,200
104.17.15.70,SJC,US,North America,San Jose,448,200
104.21.64.236,LHR,GB,Europe,London,450,200
104.21.80.195,LHR,GB,Europe,London,450,200
104.21.92.239,LHR,GB,Europe,London,451,200
104.21.59.34,LHR,GB,Europe,London,452,200
icook.hk,LHR,GB,Europe,London,452,200
104.21.65.158,LHR,GB,Europe,London,453,200
104.21.53.228,LHR,GB,Europe,London,457,200
www.ipget.net,LHR,GB,Europe,London,458,200
time.is,IAD,US,North America,Ashburn,459,200
104.21.94.100,LHR,GB,Europe,London,460,200
104.21.71.13,LHR,GB,Europe,London,460,200
104.21.62.23,LHR,GB,Europe,London,461,200
singapore.com,IAD,US,North America,Ashburn,463,200
104.21.74.117,LHR,GB,Europe,London,463,200
104.21.89.80,LHR,GB,Europe,London,468,200
104.21.88.45,LHR,GB,Europe,London,474,200
japan.com,IAD,US,North America,Ashburn,474,200
104.25.190.176,IAD,US,North America,Ashburn,475,200
slotscasino.blog,SJC,US,North America,San Jose,478,200
104.21.72.230,LHR,GB,Europe,London,481,200
www.ipaddress.my,LHR,GB,Europe,London,481,200
shopify.com,SJC,US,North America,San Jose,483,200
russia.com,IAD,US,North America,Ashburn,484,200
104.21.83.66,LHR,GB,Europe,London,487,200
malaysia.com,IAD,US,North America,Ashburn,488,200
www.ipchicken.com,IAD,US,North America,Ashburn,488,200
iplocation.io,IAD,US,North America,Ashburn,489,200
www.gco.gov.qa,IAD,US,North America,Ashburn,491,200
203.29.54.44,SJC,US,North America,San Jose,493,403
www.boba88slot.com,LHR,GB,Europe,London,494,200
www.pcmag.com,SJC,US,North America,San Jose,496,200
log.bpminecraft.com,LHR,GB,Europe,London,501,200
104.21.79.150,LHR,GB,Europe,London,506,200
104.21.52.57,LHR,GB,Europe,London,510,200
www.okcupid.com,SJC,US,North America,San Jose,510,200
www.whoer.net,IAD,US,North America,Ashburn,513,200
www.shopify.com,SJC,US,North America,San Jose,515,200
www.whatismyip.com,IAD,US,North America,Ashburn,518,200
104.17.16.53,SJC,US,North America,San Jose,519,200
104.21.56.179,LHR,GB,Europe,London,522,200
104.21.63.46,LHR,GB,Europe,London,524,200
www.iakeys.com,LHR,GB,Europe,London,524,200
104.21.90.191,LHR,GB,Europe,London,536,200
icook.tw,IAD,US,North America,Ashburn,537,200
www.glassdoor.com,SJC,US,North America,San Jose,544,200
104.21.54.189,LHR,GB,Europe,London,547,200
www.visa.co.jp,SJC,US,North America,San Jose,547,200
104.21.67.230,LHR,GB,Europe,London,554,200
104.21.77.208,LHR,GB,Europe,London,605,200
104.21.61.140,LHR,GB,Europe,London,624,200
www.gov.ua,LHR,GB,Europe,London,626,200
104.21.68.141,LHR,GB,Europe,London,630,200
www.hugedomains.com,IAD,US,North America,Ashburn,662,200
ip.sb,IAD,US,North America,Ashburn,662,200
www.iplocation.net,IAD,US,North America,Ashburn,670,200
www.zsu.gov.ua,SJC,US,North America,San Jose,853,200
www.wto.org,HKG,HK,Asia Pacific,Hong Kong,1891,200
skk.moe,IAD,US,North America,Ashburn,1976,200
